<?xml version="1.0" encoding="UTF-8"?>
<palette>
 <active>
  <colorrole role="WindowText">
   <brush brushstyle="SolidPattern">
    <color alpha="255">
     <red>0</red>
     <green>0</green>
     <blue>0</blue>
    </color>
   </brush>
  </colorrole>
  <colorrole role="Button">
   <brush brushstyle="SolidPattern">
    <color alpha="255">
     <red>134</red>
     <green>118</green>
     <blue>191</blue>
    </color>
   </brush>
  </colorrole>
  <colorrole role="Light">
   <brush brushstyle="SolidPattern">
    <color alpha="255">
     <red>203</red>
     <green>189</green>
     <blue>255</blue>
    </color>
   </brush>
  </colorrole>
  <colorrole role="Midlight">
   <brush brushstyle="SolidPattern">
    <color alpha="255">
     <red>168</red>
     <green>153</green>
     <blue>223</blue>
    </color>
   </brush>
  </colorrole>
  <colorrole role="Dark">
   <brush brushstyle="SolidPattern">
    <color alpha="255">
     <red>67</red>
     <green>59</green>
     <blue>95</blue>
    </color>
   </brush>
  </colorrole>
  <colorrole role="Mid">
   <brush brushstyle="SolidPattern">
    <color alpha="255">
     <red>89</red>
     <green>79</green>
     <blue>127</blue>
    </color>
   </brush>
  </colorrole>
  <colorrole role="Text">
   <brush brushstyle="SolidPattern">
    <color alpha="255">
     <red>0</red>
     <green>0</green>
     <blue>0</blue>
    </color>
   </brush>
  </colorrole>
  <colorrole role="BrightText">
   <brush brushstyle="SolidPattern">
    <color alpha="255">
     <red>255</red>
     <green>255</green>
     <blue>255</blue>
    </color>
   </brush>
  </colorrole>
  <colorrole role="ButtonText">
   <brush brushstyle="SolidPattern">
    <color alpha="255">
     <red>0</red>
     <green>0</green>
     <blue>0</blue>
    </color>
   </brush>
  </colorrole>
  <colorrole role="Base">
   <brush brushstyle="SolidPattern">
    <color alpha="255">
     <red>227</red>
     <green>227</green>
     <blue>227</blue>
    </color>
   </brush>
  </colorrole>
  <colorrole role="Window">
   <brush brushstyle="SolidPattern">
    <color alpha="255">
     <red>134</red>
     <green>118</green>
     <blue>191</blue>
    </color>
   </brush>
  </colorrole>
  <colorrole role="Shadow">
   <brush brushstyle="SolidPattern">
    <color alpha="255">
     <red>0</red>
     <green>0</green>
     <blue>0</blue>
    </color>
   </brush>
  </colorrole>
  <colorrole role="AlternateBase">
   <brush brushstyle="SolidPattern">
    <color alpha="255">
     <red>194</red>
     <green>186</green>
     <blue>223</blue>
    </color>
   </brush>
  </colorrole>
  <colorrole role="ToolTipBase">
   <brush brushstyle="SolidPattern">
    <color alpha="255">
     <red>173</red>
     <green>173</green>
     <blue>149</blue>
    </color>
   </brush>
  </colorrole>
  <colorrole role="ToolTipText">
   <brush brushstyle="SolidPattern">
    <color alpha="255">
     <red>0</red>
     <green>0</green>
     <blue>0</blue>
    </color>
   </brush>
  </colorrole>
  <colorrole role="PlaceholderText">
   <brush brushstyle="SolidPattern">
    <color alpha="127">
     <red>0</red>
     <green>0</green>
     <blue>0</blue>
    </color>
   </brush>
  </colorrole>
 </active>
 <inactive>
  <colorrole role="WindowText">
   <brush brushstyle="SolidPattern">
    <color alpha="255">
     <red>0</red>
     <green>0</green>
     <blue>0</blue>
    </color>
   </brush>
  </colorrole>
  <colorrole role="Button">
   <brush brushstyle="SolidPattern">
    <color alpha="255">
     <red>134</red>
     <green>118</green>
     <blue>191</blue>
    </color>
   </brush>
  </colorrole>
  <colorrole role="Light">
   <brush brushstyle="SolidPattern">
    <color alpha="255">
     <red>203</red>
     <green>189</green>
     <blue>255</blue>
    </color>
   </brush>
  </colorrole>
  <colorrole role="Midlight">
   <brush brushstyle="SolidPattern">
    <color alpha="255">
     <red>168</red>
     <green>153</green>
     <blue>223</blue>
    </color>
   </brush>
  </colorrole>
  <colorrole role="Dark">
   <brush brushstyle="SolidPattern">
    <color alpha="255">
     <red>67</red>
     <green>59</green>
     <blue>95</blue>
    </color>
   </brush>
  </colorrole>
  <colorrole role="Mid">
   <brush brushstyle="SolidPattern">
    <color alpha="255">
     <red>89</red>
     <green>79</green>
     <blue>127</blue>
    </color>
   </brush>
  </colorrole>
  <colorrole role="Text">
   <brush brushstyle="SolidPattern">
    <color alpha="255">
     <red>0</red>
     <green>0</green>
     <blue>0</blue>
    </color>
   </brush>
  </colorrole>
  <colorrole role="BrightText">
   <brush brushstyle="SolidPattern">
    <color alpha="255">
     <red>255</red>
     <green>255</green>
     <blue>255</blue>
    </color>
   </brush>
  </colorrole>
  <colorrole role="ButtonText">
   <brush brushstyle="SolidPattern">
    <color alpha="255">
     <red>0</red>
     <green>0</green>
     <blue>0</blue>
    </color>
   </brush>
  </colorrole>
  <colorrole role="Base">
   <brush brushstyle="SolidPattern">
    <color alpha="255">
     <red>227</red>
     <green>227</green>
     <blue>227</blue>
    </color>
   </brush>
  </colorrole>
  <colorrole role="Window">
   <brush brushstyle="SolidPattern">
    <color alpha="255">
     <red>134</red>
     <green>118</green>
     <blue>191</blue>
    </color>
   </brush>
  </colorrole>
  <colorrole role="Shadow">
   <brush brushstyle="SolidPattern">
    <color alpha="255">
     <red>0</red>
     <green>0</green>
     <blue>0</blue>
    </color>
   </brush>
  </colorrole>
  <colorrole role="AlternateBase">
   <brush brushstyle="SolidPattern">
    <color alpha="255">
     <red>194</red>
     <green>186</green>
     <blue>223</blue>
    </color>
   </brush>
  </colorrole>
  <colorrole role="ToolTipBase">
   <brush brushstyle="SolidPattern">
    <color alpha="255">
     <red>173</red>
     <green>173</green>
     <blue>149</blue>
    </color>
   </brush>
  </colorrole>
  <colorrole role="ToolTipText">
   <brush brushstyle="SolidPattern">
    <color alpha="255">
     <red>0</red>
     <green>0</green>
     <blue>0</blue>
    </color>
   </brush>
  </colorrole>
  <colorrole role="PlaceholderText">
   <brush brushstyle="SolidPattern">
    <color alpha="127">
     <red>0</red>
     <green>0</green>
     <blue>0</blue>
    </color>
   </brush>
  </colorrole>
 </inactive>
 <disabled>
  <colorrole role="WindowText">
   <brush brushstyle="SolidPattern">
    <color alpha="255">
     <red>67</red>
     <green>59</green>
     <blue>95</blue>
    </color>
   </brush>
  </colorrole>
  <colorrole role="Button">
   <brush brushstyle="SolidPattern">
    <color alpha="255">
     <red>134</red>
     <green>118</green>
     <blue>191</blue>
    </color>
   </brush>
  </colorrole>
  <colorrole role="Light">
   <brush brushstyle="SolidPattern">
    <color alpha="255">
     <red>203</red>
     <green>189</green>
     <blue>255</blue>
    </color>
   </brush>
  </colorrole>
  <colorrole role="Midlight">
   <brush brushstyle="SolidPattern">
    <color alpha="255">
     <red>168</red>
     <green>153</green>
     <blue>223</blue>
    </color>
   </brush>
  </colorrole>
  <colorrole role="Dark">
   <brush brushstyle="SolidPattern">
    <color alpha="255">
     <red>67</red>
     <green>59</green>
     <blue>95</blue>
    </color>
   </brush>
  </colorrole>
  <colorrole role="Mid">
   <brush brushstyle="SolidPattern">
    <color alpha="255">
     <red>89</red>
     <green>79</green>
     <blue>127</blue>
    </color>
   </brush>
  </colorrole>
  <colorrole role="Text">
   <brush brushstyle="SolidPattern">
    <color alpha="255">
     <red>67</red>
     <green>59</green>
     <blue>95</blue>
    </color>
   </brush>
  </colorrole>
  <colorrole role="BrightText">
   <brush brushstyle="SolidPattern">
    <color alpha="255">
     <red>255</red>
     <green>255</green>
     <blue>255</blue>
    </color>
   </brush>
  </colorrole>
  <colorrole role="ButtonText">
   <brush brushstyle="SolidPattern">
    <color alpha="255">
     <red>67</red>
     <green>59</green>
     <blue>95</blue>
    </color>
   </brush>
  </colorrole>
  <colorrole role="Base">
   <brush brushstyle="SolidPattern">
    <color alpha="255">
     <red>134</red>
     <green>118</green>
     <blue>191</blue>
    </color>
   </brush>
  </colorrole>
  <colorrole role="Window">
   <brush brushstyle="SolidPattern">
    <color alpha="255">
     <red>134</red>
     <green>118</green>
     <blue>191</blue>
    </color>
   </brush>
  </colorrole>
  <colorrole role="Shadow">
   <brush brushstyle="SolidPattern">
    <color alpha="255">
     <red>0</red>
     <green>0</green>
     <blue>0</blue>
    </color>
   </brush>
  </colorrole>
  <colorrole role="AlternateBase">
   <brush brushstyle="SolidPattern">
    <color alpha="255">
     <red>134</red>
     <green>118</green>
     <blue>191</blue>
    </color>
   </brush>
  </colorrole>
  <colorrole role="ToolTipBase">
   <brush brushstyle="SolidPattern">
    <color alpha="255">
     <red>173</red>
     <green>173</green>
     <blue>149</blue>
    </color>
   </brush>
  </colorrole>
  <colorrole role="ToolTipText">
   <brush brushstyle="SolidPattern">
    <color alpha="255">
     <red>0</red>
     <green>0</green>
     <blue>0</blue>
    </color>
   </brush>
  </colorrole>
  <colorrole role="PlaceholderText">
   <brush brushstyle="SolidPattern">
    <color alpha="127">
     <red>67</red>
     <green>59</green>
     <blue>95</blue>
    </color>
   </brush>
  </colorrole>
 </disabled>
</palette>
