{
	"BUILD_DIR" : "C:/Users/Noah/Desktop/Wed_29_BookStoreApp/build-Wed_29_BookStoreApp-Desktop_Qt_6_4_2_MinGW_64_bit-Debug/BookStoreApp_autogen",
	"CMAKE_BINARY_DIR" : "C:/Users/Noah/Desktop/Wed_29_BookStoreApp/build-Wed_29_BookStoreApp-Desktop_Qt_6_4_2_MinGW_64_bit-Debug",
	"CMAKE_CURRENT_BINARY_DIR" : "C:/Users/Noah/Desktop/Wed_29_BookStoreApp/build-Wed_29_BookStoreApp-Desktop_Qt_6_4_2_MinGW_64_bit-Debug",
	"CMAKE_CURRENT_SOURCE_DIR" : "C:/Users/Noah/Desktop/Wed_29_BookStoreApp/Wed_29_BookStoreApp",
	"CMAKE_EXECUTABLE" : "I:/QT-For-C++/Tools/CMake_64/bin/cmake.exe",
	"CMAKE_LIST_FILES" : 
	[
		"C:/Users/Noah/Desktop/Wed_29_BookStoreApp/Wed_29_BookStoreApp/CMakeLists.txt",
		"C:/Users/Noah/Desktop/Wed_29_BookStoreApp/build-Wed_29_BookStoreApp-Desktop_Qt_6_4_2_MinGW_64_bit-Debug/CMakeFiles/3.24.2/CMakeSystem.cmake",
		"I:/QT-For-C++/Tools/CMake_64/share/cmake-3.24/Modules/CMakeSystemSpecificInitialize.cmake",
		"C:/Users/Noah/Desktop/Wed_29_BookStoreApp/build-Wed_29_BookStoreApp-Desktop_Qt_6_4_2_MinGW_64_bit-Debug/CMakeFiles/3.24.2/CMakeCXXCompiler.cmake",
		"I:/QT-For-C++/Tools/CMake_64/share/cmake-3.24/Modules/CMakeSystemSpecificInformation.cmake",
		"I:/QT-For-C++/Tools/CMake_64/share/cmake-3.24/Modules/CMakeGenericSystem.cmake",
		"I:/QT-For-C++/Tools/CMake_64/share/cmake-3.24/Modules/CMakeInitializeConfigs.cmake",
		"I:/QT-For-C++/Tools/CMake_64/share/cmake-3.24/Modules/Platform/Windows.cmake",
		"I:/QT-For-C++/Tools/CMake_64/share/cmake-3.24/Modules/Platform/WindowsPaths.cmake",
		"I:/QT-For-C++/Tools/CMake_64/share/cmake-3.24/Modules/CMakeCXXInformation.cmake",
		"I:/QT-For-C++/Tools/CMake_64/share/cmake-3.24/Modules/CMakeLanguageInformation.cmake",
		"I:/QT-For-C++/Tools/CMake_64/share/cmake-3.24/Modules/Compiler/GNU-CXX.cmake",
		"I:/QT-For-C++/Tools/CMake_64/share/cmake-3.24/Modules/Compiler/GNU.cmake",
		"I:/QT-For-C++/Tools/CMake_64/share/cmake-3.24/Modules/Compiler/CMakeCommonCompilerMacros.cmake",
		"I:/QT-For-C++/Tools/CMake_64/share/cmake-3.24/Modules/Platform/Windows-GNU-CXX.cmake",
		"I:/QT-For-C++/Tools/CMake_64/share/cmake-3.24/Modules/Platform/Windows-GNU.cmake",
		"C:/Users/Noah/Desktop/Wed_29_BookStoreApp/build-Wed_29_BookStoreApp-Desktop_Qt_6_4_2_MinGW_64_bit-Debug/CMakeFiles/3.24.2/CMakeRCCompiler.cmake",
		"I:/QT-For-C++/Tools/CMake_64/share/cmake-3.24/Modules/CMakeRCInformation.cmake",
		"I:/QT-For-C++/Tools/CMake_64/share/cmake-3.24/Modules/Platform/Windows-windres.cmake",
		"I:/QT-For-C++/Tools/CMake_64/share/cmake-3.24/Modules/Platform/Windows-GNU-CXX-ABI.cmake",
		"I:/QT-For-C++/Tools/CMake_64/share/cmake-3.24/Modules/CMakeCommonLanguageInclude.cmake",
		"I:/QT-For-C++/6.4.2/mingw_64/lib/cmake/Qt6/Qt6ConfigVersion.cmake",
		"I:/QT-For-C++/6.4.2/mingw_64/lib/cmake/Qt6/Qt6ConfigVersionImpl.cmake",
		"I:/QT-For-C++/6.4.2/mingw_64/lib/cmake/Qt6/Qt6Config.cmake",
		"I:/QT-For-C++/6.4.2/mingw_64/lib/cmake/Qt6/Qt6ConfigExtras.cmake",
		"I:/QT-For-C++/6.4.2/mingw_64/lib/cmake/Qt6/QtPublicCMakeVersionHelpers.cmake",
		"I:/QT-For-C++/6.4.2/mingw_64/lib/cmake/Qt6/Qt6Targets.cmake",
		"I:/QT-For-C++/6.4.2/mingw_64/lib/cmake/Qt6/Qt6VersionlessTargets.cmake",
		"I:/QT-For-C++/6.4.2/mingw_64/lib/cmake/Qt6/QtFeature.cmake",
		"I:/QT-For-C++/6.4.2/mingw_64/lib/cmake/Qt6/QtFeatureCommon.cmake",
		"I:/QT-For-C++/Tools/CMake_64/share/cmake-3.24/Modules/CheckCXXCompilerFlag.cmake",
		"I:/QT-For-C++/Tools/CMake_64/share/cmake-3.24/Modules/CheckCXXSourceCompiles.cmake",
		"I:/QT-For-C++/Tools/CMake_64/share/cmake-3.24/Modules/Internal/CheckSourceCompiles.cmake",
		"I:/QT-For-C++/Tools/CMake_64/share/cmake-3.24/Modules/Internal/CheckCompilerFlag.cmake",
		"I:/QT-For-C++/Tools/CMake_64/share/cmake-3.24/Modules/Internal/CheckFlagCommonConfig.cmake",
		"I:/QT-For-C++/Tools/CMake_64/share/cmake-3.24/Modules/Internal/CheckSourceCompiles.cmake",
		"I:/QT-For-C++/Tools/CMake_64/share/cmake-3.24/Modules/CMakeCheckCompilerFlagCommonPatterns.cmake",
		"I:/QT-For-C++/6.4.2/mingw_64/lib/cmake/Qt6/QtPublicAppleHelpers.cmake",
		"I:/QT-For-C++/6.4.2/mingw_64/lib/cmake/Qt6/QtPublicFinalizerHelpers.cmake",
		"I:/QT-For-C++/6.4.2/mingw_64/lib/cmake/Qt6/QtPublicPluginHelpers.cmake",
		"I:/QT-For-C++/6.4.2/mingw_64/lib/cmake/Qt6/QtPublicTargetHelpers.cmake",
		"I:/QT-For-C++/6.4.2/mingw_64/lib/cmake/Qt6/QtPublicWalkLibsHelpers.cmake",
		"I:/QT-For-C++/6.4.2/mingw_64/lib/cmake/Qt6/QtPublicFindPackageHelpers.cmake",
		"I:/QT-For-C++/6.4.2/mingw_64/lib/cmake/Qt6/QtPublicDependencyHelpers.cmake",
		"I:/QT-For-C++/6.4.2/mingw_64/lib/cmake/Qt6/QtPublicTestHelpers.cmake",
		"I:/QT-For-C++/6.4.2/mingw_64/lib/cmake/Qt6/QtPublicToolHelpers.cmake",
		"I:/QT-For-C++/6.4.2/mingw_64/lib/cmake/Qt6/QtPublicCMakeHelpers.cmake",
		"I:/QT-For-C++/Tools/CMake_64/share/cmake-3.24/Modules/CMakeFindDependencyMacro.cmake",
		"I:/QT-For-C++/6.4.2/mingw_64/lib/cmake/Qt6/Qt6Dependencies.cmake",
		"I:/QT-For-C++/Tools/CMake_64/share/cmake-3.24/Modules/FindThreads.cmake",
		"I:/QT-For-C++/Tools/CMake_64/share/cmake-3.24/Modules/CheckLibraryExists.cmake",
		"I:/QT-For-C++/Tools/CMake_64/share/cmake-3.24/Modules/CheckIncludeFileCXX.cmake",
		"I:/QT-For-C++/Tools/CMake_64/share/cmake-3.24/Modules/CheckCXXSourceCompiles.cmake",
		"I:/QT-For-C++/Tools/CMake_64/share/cmake-3.24/Modules/FindPackageHandleStandardArgs.cmake",
		"I:/QT-For-C++/Tools/CMake_64/share/cmake-3.24/Modules/FindPackageMessage.cmake",
		"I:/QT-For-C++/6.4.2/mingw_64/lib/cmake/Qt6/Qt6ConfigVersion.cmake",
		"I:/QT-For-C++/6.4.2/mingw_64/lib/cmake/Qt6/Qt6ConfigVersionImpl.cmake",
		"I:/QT-For-C++/6.4.2/mingw_64/lib/cmake/Qt6/Qt6Config.cmake",
		"I:/QT-For-C++/6.4.2/mingw_64/lib/cmake/Qt6/Qt6ConfigExtras.cmake",
		"I:/QT-For-C++/6.4.2/mingw_64/lib/cmake/Qt6/QtPublicCMakeVersionHelpers.cmake",
		"I:/QT-For-C++/6.4.2/mingw_64/lib/cmake/Qt6/Qt6Targets.cmake",
		"I:/QT-For-C++/6.4.2/mingw_64/lib/cmake/Qt6/Qt6VersionlessTargets.cmake",
		"I:/QT-For-C++/6.4.2/mingw_64/lib/cmake/Qt6/QtFeature.cmake",
		"I:/QT-For-C++/6.4.2/mingw_64/lib/cmake/Qt6/QtFeatureCommon.cmake",
		"I:/QT-For-C++/Tools/CMake_64/share/cmake-3.24/Modules/CheckCXXCompilerFlag.cmake",
		"I:/QT-For-C++/6.4.2/mingw_64/lib/cmake/Qt6/QtPublicAppleHelpers.cmake",
		"I:/QT-For-C++/6.4.2/mingw_64/lib/cmake/Qt6/QtPublicFinalizerHelpers.cmake",
		"I:/QT-For-C++/6.4.2/mingw_64/lib/cmake/Qt6/QtPublicPluginHelpers.cmake",
		"I:/QT-For-C++/6.4.2/mingw_64/lib/cmake/Qt6/QtPublicTargetHelpers.cmake",
		"I:/QT-For-C++/6.4.2/mingw_64/lib/cmake/Qt6/QtPublicWalkLibsHelpers.cmake",
		"I:/QT-For-C++/6.4.2/mingw_64/lib/cmake/Qt6/QtPublicFindPackageHelpers.cmake",
		"I:/QT-For-C++/6.4.2/mingw_64/lib/cmake/Qt6/QtPublicDependencyHelpers.cmake",
		"I:/QT-For-C++/6.4.2/mingw_64/lib/cmake/Qt6/QtPublicTestHelpers.cmake",
		"I:/QT-For-C++/6.4.2/mingw_64/lib/cmake/Qt6/QtPublicToolHelpers.cmake",
		"I:/QT-For-C++/6.4.2/mingw_64/lib/cmake/Qt6/QtPublicCMakeHelpers.cmake",
		"I:/QT-For-C++/Tools/CMake_64/share/cmake-3.24/Modules/CMakeFindDependencyMacro.cmake",
		"I:/QT-For-C++/6.4.2/mingw_64/lib/cmake/Qt6/Qt6Dependencies.cmake",
		"I:/QT-For-C++/Tools/CMake_64/share/cmake-3.24/Modules/FindThreads.cmake",
		"I:/QT-For-C++/Tools/CMake_64/share/cmake-3.24/Modules/CheckLibraryExists.cmake",
		"I:/QT-For-C++/Tools/CMake_64/share/cmake-3.24/Modules/CheckIncludeFileCXX.cmake",
		"I:/QT-For-C++/Tools/CMake_64/share/cmake-3.24/Modules/CheckCXXSourceCompiles.cmake",
		"I:/QT-For-C++/Tools/CMake_64/share/cmake-3.24/Modules/FindPackageHandleStandardArgs.cmake",
		"I:/QT-For-C++/Tools/CMake_64/share/cmake-3.24/Modules/FindPackageMessage.cmake",
		"I:/QT-For-C++/6.4.2/mingw_64/lib/cmake/Qt6Widgets/Qt6WidgetsConfigVersion.cmake",
		"I:/QT-For-C++/6.4.2/mingw_64/lib/cmake/Qt6Widgets/Qt6WidgetsConfigVersionImpl.cmake",
		"I:/QT-For-C++/6.4.2/mingw_64/lib/cmake/Qt6Widgets/Qt6WidgetsConfig.cmake",
		"I:/QT-For-C++/Tools/CMake_64/share/cmake-3.24/Modules/CMakeFindDependencyMacro.cmake",
		"I:/QT-For-C++/6.4.2/mingw_64/lib/cmake/Qt6Widgets/Qt6WidgetsDependencies.cmake",
		"I:/QT-For-C++/6.4.2/mingw_64/lib/cmake/Qt6WidgetsTools/Qt6WidgetsToolsConfigVersion.cmake",
		"I:/QT-For-C++/6.4.2/mingw_64/lib/cmake/Qt6WidgetsTools/Qt6WidgetsToolsConfigVersionImpl.cmake",
		"I:/QT-For-C++/6.4.2/mingw_64/lib/cmake/Qt6WidgetsTools/Qt6WidgetsToolsConfig.cmake",
		"I:/QT-For-C++/Tools/CMake_64/share/cmake-3.24/Modules/CMakeFindDependencyMacro.cmake",
		"I:/QT-For-C++/6.4.2/mingw_64/lib/cmake/Qt6WidgetsTools/Qt6WidgetsToolsDependencies.cmake",
		"I:/QT-For-C++/6.4.2/mingw_64/lib/cmake/Qt6CoreTools/Qt6CoreToolsConfigVersion.cmake",
		"I:/QT-For-C++/6.4.2/mingw_64/lib/cmake/Qt6CoreTools/Qt6CoreToolsConfigVersionImpl.cmake",
		"I:/QT-For-C++/6.4.2/mingw_64/lib/cmake/Qt6CoreTools/Qt6CoreToolsConfig.cmake",
		"I:/QT-For-C++/Tools/CMake_64/share/cmake-3.24/Modules/CMakeFindDependencyMacro.cmake",
		"I:/QT-For-C++/6.4.2/mingw_64/lib/cmake/Qt6CoreTools/Qt6CoreToolsDependencies.cmake",
		"I:/QT-For-C++/6.4.2/mingw_64/lib/cmake/Qt6CoreTools/Qt6CoreToolsTargets.cmake",
		"I:/QT-For-C++/6.4.2/mingw_64/lib/cmake/Qt6CoreTools/Qt6CoreToolsTargets-relwithdebinfo.cmake",
		"I:/QT-For-C++/6.4.2/mingw_64/lib/cmake/Qt6CoreTools/Qt6CoreToolsAdditionalTargetInfo.cmake",
		"I:/QT-For-C++/6.4.2/mingw_64/lib/cmake/Qt6CoreTools/Qt6CoreToolsVersionlessTargets.cmake",
		"I:/QT-For-C++/6.4.2/mingw_64/lib/cmake/Qt6GuiTools/Qt6GuiToolsConfigVersion.cmake",
		"I:/QT-For-C++/6.4.2/mingw_64/lib/cmake/Qt6GuiTools/Qt6GuiToolsConfigVersionImpl.cmake",
		"I:/QT-For-C++/6.4.2/mingw_64/lib/cmake/Qt6GuiTools/Qt6GuiToolsConfig.cmake",
		"I:/QT-For-C++/Tools/CMake_64/share/cmake-3.24/Modules/CMakeFindDependencyMacro.cmake",
		"I:/QT-For-C++/6.4.2/mingw_64/lib/cmake/Qt6GuiTools/Qt6GuiToolsDependencies.cmake",
		"I:/QT-For-C++/6.4.2/mingw_64/lib/cmake/Qt6GuiTools/Qt6GuiToolsTargets.cmake",
		"I:/QT-For-C++/6.4.2/mingw_64/lib/cmake/Qt6GuiTools/Qt6GuiToolsTargets-relwithdebinfo.cmake",
		"I:/QT-For-C++/6.4.2/mingw_64/lib/cmake/Qt6GuiTools/Qt6GuiToolsAdditionalTargetInfo.cmake",
		"I:/QT-For-C++/6.4.2/mingw_64/lib/cmake/Qt6GuiTools/Qt6GuiToolsVersionlessTargets.cmake",
		"I:/QT-For-C++/6.4.2/mingw_64/lib/cmake/Qt6WidgetsTools/Qt6WidgetsToolsTargets.cmake",
		"I:/QT-For-C++/6.4.2/mingw_64/lib/cmake/Qt6WidgetsTools/Qt6WidgetsToolsTargets-relwithdebinfo.cmake",
		"I:/QT-For-C++/6.4.2/mingw_64/lib/cmake/Qt6WidgetsTools/Qt6WidgetsToolsAdditionalTargetInfo.cmake",
		"I:/QT-For-C++/6.4.2/mingw_64/lib/cmake/Qt6WidgetsTools/Qt6WidgetsToolsVersionlessTargets.cmake",
		"I:/QT-For-C++/6.4.2/mingw_64/lib/cmake/Qt6Core/Qt6CoreConfigVersion.cmake",
		"I:/QT-For-C++/6.4.2/mingw_64/lib/cmake/Qt6Core/Qt6CoreConfigVersionImpl.cmake",
		"I:/QT-For-C++/6.4.2/mingw_64/lib/cmake/Qt6Core/Qt6CoreConfig.cmake",
		"I:/QT-For-C++/Tools/CMake_64/share/cmake-3.24/Modules/CMakeFindDependencyMacro.cmake",
		"I:/QT-For-C++/6.4.2/mingw_64/lib/cmake/Qt6Core/Qt6CoreDependencies.cmake",
		"I:/QT-For-C++/6.4.2/mingw_64/lib/cmake/Qt6/FindWrapAtomic.cmake",
		"I:/QT-For-C++/Tools/CMake_64/share/cmake-3.24/Modules/CheckCXXSourceCompiles.cmake",
		"I:/QT-For-C++/Tools/CMake_64/share/cmake-3.24/Modules/FindPackageHandleStandardArgs.cmake",
		"I:/QT-For-C++/Tools/CMake_64/share/cmake-3.24/Modules/FindPackageMessage.cmake",
		"I:/QT-For-C++/6.4.2/mingw_64/lib/cmake/Qt6CoreTools/Qt6CoreToolsConfigVersion.cmake",
		"I:/QT-For-C++/6.4.2/mingw_64/lib/cmake/Qt6CoreTools/Qt6CoreToolsConfigVersionImpl.cmake",
		"I:/QT-For-C++/6.4.2/mingw_64/lib/cmake/Qt6CoreTools/Qt6CoreToolsConfig.cmake",
		"I:/QT-For-C++/Tools/CMake_64/share/cmake-3.24/Modules/CMakeFindDependencyMacro.cmake",
		"I:/QT-For-C++/6.4.2/mingw_64/lib/cmake/Qt6CoreTools/Qt6CoreToolsDependencies.cmake",
		"I:/QT-For-C++/6.4.2/mingw_64/lib/cmake/Qt6CoreTools/Qt6CoreToolsTargets.cmake",
		"I:/QT-For-C++/6.4.2/mingw_64/lib/cmake/Qt6CoreTools/Qt6CoreToolsAdditionalTargetInfo.cmake",
		"I:/QT-For-C++/6.4.2/mingw_64/lib/cmake/Qt6CoreTools/Qt6CoreToolsVersionlessTargets.cmake",
		"I:/QT-For-C++/6.4.2/mingw_64/lib/cmake/Qt6ZlibPrivate/Qt6ZlibPrivateConfigVersion.cmake",
		"I:/QT-For-C++/6.4.2/mingw_64/lib/cmake/Qt6ZlibPrivate/Qt6ZlibPrivateConfigVersionImpl.cmake",
		"I:/QT-For-C++/6.4.2/mingw_64/lib/cmake/Qt6ZlibPrivate/Qt6ZlibPrivateConfig.cmake",
		"I:/QT-For-C++/Tools/CMake_64/share/cmake-3.24/Modules/CMakeFindDependencyMacro.cmake",
		"I:/QT-For-C++/6.4.2/mingw_64/lib/cmake/Qt6ZlibPrivate/Qt6ZlibPrivateTargets.cmake",
		"I:/QT-For-C++/6.4.2/mingw_64/lib/cmake/Qt6ZlibPrivate/Qt6ZlibPrivateAdditionalTargetInfo.cmake",
		"I:/QT-For-C++/6.4.2/mingw_64/lib/cmake/Qt6ZlibPrivate/Qt6ZlibPrivateVersionlessTargets.cmake",
		"I:/QT-For-C++/6.4.2/mingw_64/lib/cmake/Qt6EntryPointPrivate/Qt6EntryPointPrivateConfigVersion.cmake",
		"I:/QT-For-C++/6.4.2/mingw_64/lib/cmake/Qt6EntryPointPrivate/Qt6EntryPointPrivateConfigVersionImpl.cmake",
		"I:/QT-For-C++/6.4.2/mingw_64/lib/cmake/Qt6EntryPointPrivate/Qt6EntryPointPrivateConfig.cmake",
		"I:/QT-For-C++/Tools/CMake_64/share/cmake-3.24/Modules/CMakeFindDependencyMacro.cmake",
		"I:/QT-For-C++/6.4.2/mingw_64/lib/cmake/Qt6EntryPointPrivate/Qt6EntryPointPrivateTargets.cmake",
		"I:/QT-For-C++/6.4.2/mingw_64/lib/cmake/Qt6EntryPointPrivate/Qt6EntryPointPrivateTargets-relwithdebinfo.cmake",
		"I:/QT-For-C++/6.4.2/mingw_64/lib/cmake/Qt6EntryPointPrivate/Qt6EntryPointPrivateAdditionalTargetInfo.cmake",
		"I:/QT-For-C++/6.4.2/mingw_64/lib/cmake/Qt6EntryPointPrivate/Qt6EntryPointPrivateVersionlessTargets.cmake",
		"I:/QT-For-C++/6.4.2/mingw_64/lib/cmake/Qt6EntryPointPrivate/Qt6EntryPointMinGW32Target.cmake",
		"I:/QT-For-C++/6.4.2/mingw_64/lib/cmake/Qt6Core/Qt6CoreTargets.cmake",
		"I:/QT-For-C++/6.4.2/mingw_64/lib/cmake/Qt6Core/Qt6CoreTargets-relwithdebinfo.cmake",
		"I:/QT-For-C++/6.4.2/mingw_64/lib/cmake/Qt6Core/Qt6CoreAdditionalTargetInfo.cmake",
		"I:/QT-For-C++/6.4.2/mingw_64/lib/cmake/Qt6Core/Qt6CoreVersionlessTargets.cmake",
		"I:/QT-For-C++/6.4.2/mingw_64/lib/cmake/Qt6Core/Qt6CoreMacros.cmake",
		"I:/QT-For-C++/6.4.2/mingw_64/lib/cmake/Qt6Core/Qt6CoreConfigExtras.cmake",
		"I:/QT-For-C++/Tools/CMake_64/share/cmake-3.24/Modules/GNUInstallDirs.cmake",
		"I:/QT-For-C++/6.4.2/mingw_64/lib/cmake/Qt6Gui/Qt6GuiConfigVersion.cmake",
		"I:/QT-For-C++/6.4.2/mingw_64/lib/cmake/Qt6Gui/Qt6GuiConfigVersionImpl.cmake",
		"I:/QT-For-C++/6.4.2/mingw_64/lib/cmake/Qt6Gui/Qt6GuiConfig.cmake",
		"I:/QT-For-C++/Tools/CMake_64/share/cmake-3.24/Modules/CMakeFindDependencyMacro.cmake",
		"I:/QT-For-C++/6.4.2/mingw_64/lib/cmake/Qt6Gui/Qt6GuiDependencies.cmake",
		"I:/QT-For-C++/6.4.2/mingw_64/lib/cmake/Qt6/FindWrapVulkanHeaders.cmake",
		"I:/QT-For-C++/Tools/CMake_64/share/cmake-3.24/Modules/FindVulkan.cmake",
		"I:/QT-For-C++/Tools/CMake_64/share/cmake-3.24/Modules/FindPackageHandleStandardArgs.cmake",
		"I:/QT-For-C++/Tools/CMake_64/share/cmake-3.24/Modules/FindPackageMessage.cmake",
		"I:/QT-For-C++/Tools/CMake_64/share/cmake-3.24/Modules/FindPackageHandleStandardArgs.cmake",
		"I:/QT-For-C++/Tools/CMake_64/share/cmake-3.24/Modules/FindPackageMessage.cmake",
		"I:/QT-For-C++/6.4.2/mingw_64/lib/cmake/Qt6GuiTools/Qt6GuiToolsConfigVersion.cmake",
		"I:/QT-For-C++/6.4.2/mingw_64/lib/cmake/Qt6GuiTools/Qt6GuiToolsConfigVersionImpl.cmake",
		"I:/QT-For-C++/6.4.2/mingw_64/lib/cmake/Qt6GuiTools/Qt6GuiToolsConfig.cmake",
		"I:/QT-For-C++/Tools/CMake_64/share/cmake-3.24/Modules/CMakeFindDependencyMacro.cmake",
		"I:/QT-For-C++/6.4.2/mingw_64/lib/cmake/Qt6GuiTools/Qt6GuiToolsDependencies.cmake",
		"I:/QT-For-C++/6.4.2/mingw_64/lib/cmake/Qt6GuiTools/Qt6GuiToolsTargets.cmake",
		"I:/QT-For-C++/6.4.2/mingw_64/lib/cmake/Qt6GuiTools/Qt6GuiToolsAdditionalTargetInfo.cmake",
		"I:/QT-For-C++/6.4.2/mingw_64/lib/cmake/Qt6GuiTools/Qt6GuiToolsVersionlessTargets.cmake",
		"I:/QT-For-C++/6.4.2/mingw_64/lib/cmake/Qt6Gui/Qt6GuiTargets.cmake",
		"I:/QT-For-C++/6.4.2/mingw_64/lib/cmake/Qt6Gui/Qt6GuiTargets-relwithdebinfo.cmake",
		"I:/QT-For-C++/6.4.2/mingw_64/lib/cmake/Qt6Gui/Qt6GuiAdditionalTargetInfo.cmake",
		"I:/QT-For-C++/6.4.2/mingw_64/lib/cmake/Qt6Gui/Qt6GuiVersionlessTargets.cmake",
		"I:/QT-For-C++/6.4.2/mingw_64/lib/cmake/Qt6Gui/Qt6GuiPlugins.cmake",
		"I:/QT-For-C++/6.4.2/mingw_64/lib/cmake/Qt6Gui/Qt6QGifPluginConfig.cmake",
		"I:/QT-For-C++/Tools/CMake_64/share/cmake-3.24/Modules/CMakeFindDependencyMacro.cmake",
		"I:/QT-For-C++/6.4.2/mingw_64/lib/cmake/Qt6Gui/Qt6QGifPluginTargets.cmake",
		"I:/QT-For-C++/6.4.2/mingw_64/lib/cmake/Qt6Gui/Qt6QGifPluginTargets-relwithdebinfo.cmake",
		"I:/QT-For-C++/6.4.2/mingw_64/lib/cmake/Qt6Gui/Qt6QGifPluginAdditionalTargetInfo.cmake",
		"I:/QT-For-C++/6.4.2/mingw_64/lib/cmake/Qt6Gui/Qt6QICOPluginConfig.cmake",
		"I:/QT-For-C++/Tools/CMake_64/share/cmake-3.24/Modules/CMakeFindDependencyMacro.cmake",
		"I:/QT-For-C++/6.4.2/mingw_64/lib/cmake/Qt6Gui/Qt6QICOPluginTargets.cmake",
		"I:/QT-For-C++/6.4.2/mingw_64/lib/cmake/Qt6Gui/Qt6QICOPluginTargets-relwithdebinfo.cmake",
		"I:/QT-For-C++/6.4.2/mingw_64/lib/cmake/Qt6Gui/Qt6QICOPluginAdditionalTargetInfo.cmake",
		"I:/QT-For-C++/6.4.2/mingw_64/lib/cmake/Qt6Gui/Qt6QJpegPluginConfig.cmake",
		"I:/QT-For-C++/Tools/CMake_64/share/cmake-3.24/Modules/CMakeFindDependencyMacro.cmake",
		"I:/QT-For-C++/6.4.2/mingw_64/lib/cmake/Qt6Gui/Qt6QJpegPluginTargets.cmake",
		"I:/QT-For-C++/6.4.2/mingw_64/lib/cmake/Qt6Gui/Qt6QJpegPluginTargets-relwithdebinfo.cmake",
		"I:/QT-For-C++/6.4.2/mingw_64/lib/cmake/Qt6Gui/Qt6QJpegPluginAdditionalTargetInfo.cmake",
		"I:/QT-For-C++/6.4.2/mingw_64/lib/cmake/Qt6Gui/Qt6QMinimalIntegrationPluginConfig.cmake",
		"I:/QT-For-C++/Tools/CMake_64/share/cmake-3.24/Modules/CMakeFindDependencyMacro.cmake",
		"I:/QT-For-C++/6.4.2/mingw_64/lib/cmake/Qt6Gui/Qt6QMinimalIntegrationPluginTargets.cmake",
		"I:/QT-For-C++/6.4.2/mingw_64/lib/cmake/Qt6Gui/Qt6QMinimalIntegrationPluginTargets-relwithdebinfo.cmake",
		"I:/QT-For-C++/6.4.2/mingw_64/lib/cmake/Qt6Gui/Qt6QMinimalIntegrationPluginAdditionalTargetInfo.cmake",
		"I:/QT-For-C++/6.4.2/mingw_64/lib/cmake/Qt6Gui/Qt6QOffscreenIntegrationPluginConfig.cmake",
		"I:/QT-For-C++/Tools/CMake_64/share/cmake-3.24/Modules/CMakeFindDependencyMacro.cmake",
		"I:/QT-For-C++/6.4.2/mingw_64/lib/cmake/Qt6Gui/Qt6QOffscreenIntegrationPluginTargets.cmake",
		"I:/QT-For-C++/6.4.2/mingw_64/lib/cmake/Qt6Gui/Qt6QOffscreenIntegrationPluginTargets-relwithdebinfo.cmake",
		"I:/QT-For-C++/6.4.2/mingw_64/lib/cmake/Qt6Gui/Qt6QOffscreenIntegrationPluginAdditionalTargetInfo.cmake",
		"I:/QT-For-C++/6.4.2/mingw_64/lib/cmake/Qt6Gui/Qt6QSvgIconPluginConfig.cmake",
		"I:/QT-For-C++/Tools/CMake_64/share/cmake-3.24/Modules/CMakeFindDependencyMacro.cmake",
		"I:/QT-For-C++/6.4.2/mingw_64/lib/cmake/Qt6Gui/Qt6QSvgIconPluginTargets.cmake",
		"I:/QT-For-C++/6.4.2/mingw_64/lib/cmake/Qt6Gui/Qt6QSvgIconPluginTargets-relwithdebinfo.cmake",
		"I:/QT-For-C++/6.4.2/mingw_64/lib/cmake/Qt6Gui/Qt6QSvgIconPluginAdditionalTargetInfo.cmake",
		"I:/QT-For-C++/6.4.2/mingw_64/lib/cmake/Qt6Gui/Qt6QSvgPluginConfig.cmake",
		"I:/QT-For-C++/Tools/CMake_64/share/cmake-3.24/Modules/CMakeFindDependencyMacro.cmake",
		"I:/QT-For-C++/6.4.2/mingw_64/lib/cmake/Qt6Gui/Qt6QSvgPluginTargets.cmake",
		"I:/QT-For-C++/6.4.2/mingw_64/lib/cmake/Qt6Gui/Qt6QSvgPluginTargets-relwithdebinfo.cmake",
		"I:/QT-For-C++/6.4.2/mingw_64/lib/cmake/Qt6Gui/Qt6QSvgPluginAdditionalTargetInfo.cmake",
		"I:/QT-For-C++/6.4.2/mingw_64/lib/cmake/Qt6Gui/Qt6QTuioTouchPluginConfig.cmake",
		"I:/QT-For-C++/Tools/CMake_64/share/cmake-3.24/Modules/CMakeFindDependencyMacro.cmake",
		"I:/QT-For-C++/6.4.2/mingw_64/lib/cmake/Qt6Gui/Qt6QTuioTouchPluginTargets.cmake",
		"I:/QT-For-C++/6.4.2/mingw_64/lib/cmake/Qt6Gui/Qt6QTuioTouchPluginTargets-relwithdebinfo.cmake",
		"I:/QT-For-C++/6.4.2/mingw_64/lib/cmake/Qt6Gui/Qt6QTuioTouchPluginAdditionalTargetInfo.cmake",
		"I:/QT-For-C++/6.4.2/mingw_64/lib/cmake/Qt6Gui/Qt6QWindowsDirect2DIntegrationPluginConfig.cmake",
		"I:/QT-For-C++/Tools/CMake_64/share/cmake-3.24/Modules/CMakeFindDependencyMacro.cmake",
		"I:/QT-For-C++/6.4.2/mingw_64/lib/cmake/Qt6Gui/Qt6QWindowsDirect2DIntegrationPluginTargets.cmake",
		"I:/QT-For-C++/6.4.2/mingw_64/lib/cmake/Qt6Gui/Qt6QWindowsDirect2DIntegrationPluginTargets-relwithdebinfo.cmake",
		"I:/QT-For-C++/6.4.2/mingw_64/lib/cmake/Qt6Gui/Qt6QWindowsDirect2DIntegrationPluginAdditionalTargetInfo.cmake",
		"I:/QT-For-C++/6.4.2/mingw_64/lib/cmake/Qt6Gui/Qt6QWindowsIntegrationPluginConfig.cmake",
		"I:/QT-For-C++/Tools/CMake_64/share/cmake-3.24/Modules/CMakeFindDependencyMacro.cmake",
		"I:/QT-For-C++/6.4.2/mingw_64/lib/cmake/Qt6Gui/Qt6QWindowsIntegrationPluginTargets.cmake",
		"I:/QT-For-C++/6.4.2/mingw_64/lib/cmake/Qt6Gui/Qt6QWindowsIntegrationPluginTargets-relwithdebinfo.cmake",
		"I:/QT-For-C++/6.4.2/mingw_64/lib/cmake/Qt6Gui/Qt6QWindowsIntegrationPluginAdditionalTargetInfo.cmake",
		"I:/QT-For-C++/6.4.2/mingw_64/lib/cmake/Qt6Widgets/Qt6WidgetsTargets.cmake",
		"I:/QT-For-C++/6.4.2/mingw_64/lib/cmake/Qt6Widgets/Qt6WidgetsTargets-relwithdebinfo.cmake",
		"I:/QT-For-C++/6.4.2/mingw_64/lib/cmake/Qt6Widgets/Qt6WidgetsAdditionalTargetInfo.cmake",
		"I:/QT-For-C++/6.4.2/mingw_64/lib/cmake/Qt6Widgets/Qt6WidgetsVersionlessTargets.cmake",
		"I:/QT-For-C++/6.4.2/mingw_64/lib/cmake/Qt6Widgets/Qt6WidgetsMacros.cmake",
		"I:/QT-For-C++/6.4.2/mingw_64/lib/cmake/Qt6Widgets/Qt6WidgetsPlugins.cmake",
		"I:/QT-For-C++/6.4.2/mingw_64/lib/cmake/Qt6Widgets/Qt6QWindowsVistaStylePluginConfig.cmake",
		"I:/QT-For-C++/Tools/CMake_64/share/cmake-3.24/Modules/CMakeFindDependencyMacro.cmake",
		"I:/QT-For-C++/6.4.2/mingw_64/lib/cmake/Qt6Widgets/Qt6QWindowsVistaStylePluginTargets.cmake",
		"I:/QT-For-C++/6.4.2/mingw_64/lib/cmake/Qt6Widgets/Qt6QWindowsVistaStylePluginTargets-relwithdebinfo.cmake",
		"I:/QT-For-C++/6.4.2/mingw_64/lib/cmake/Qt6Widgets/Qt6QWindowsVistaStylePluginAdditionalTargetInfo.cmake",
		"I:/QT-For-C++/6.4.2/mingw_64/lib/cmake/Qt6Sql/Qt6SqlConfigVersion.cmake",
		"I:/QT-For-C++/6.4.2/mingw_64/lib/cmake/Qt6Sql/Qt6SqlConfigVersionImpl.cmake",
		"I:/QT-For-C++/6.4.2/mingw_64/lib/cmake/Qt6Sql/Qt6SqlConfig.cmake",
		"I:/QT-For-C++/Tools/CMake_64/share/cmake-3.24/Modules/CMakeFindDependencyMacro.cmake",
		"I:/QT-For-C++/6.4.2/mingw_64/lib/cmake/Qt6Sql/Qt6SqlDependencies.cmake",
		"I:/QT-For-C++/6.4.2/mingw_64/lib/cmake/Qt6Sql/Qt6SqlTargets.cmake",
		"I:/QT-For-C++/6.4.2/mingw_64/lib/cmake/Qt6Sql/Qt6SqlTargets-relwithdebinfo.cmake",
		"I:/QT-For-C++/6.4.2/mingw_64/lib/cmake/Qt6Sql/Qt6SqlAdditionalTargetInfo.cmake",
		"I:/QT-For-C++/6.4.2/mingw_64/lib/cmake/Qt6Sql/Qt6SqlVersionlessTargets.cmake",
		"I:/QT-For-C++/6.4.2/mingw_64/lib/cmake/Qt6Sql/Qt6SqlPlugins.cmake",
		"I:/QT-For-C++/6.4.2/mingw_64/lib/cmake/Qt6Sql/Qt6QODBCDriverPluginConfig.cmake",
		"I:/QT-For-C++/Tools/CMake_64/share/cmake-3.24/Modules/CMakeFindDependencyMacro.cmake",
		"I:/QT-For-C++/6.4.2/mingw_64/lib/cmake/Qt6Sql/Qt6QODBCDriverPluginTargets.cmake",
		"I:/QT-For-C++/6.4.2/mingw_64/lib/cmake/Qt6Sql/Qt6QODBCDriverPluginTargets-relwithdebinfo.cmake",
		"I:/QT-For-C++/6.4.2/mingw_64/lib/cmake/Qt6Sql/Qt6QODBCDriverPluginAdditionalTargetInfo.cmake",
		"I:/QT-For-C++/6.4.2/mingw_64/lib/cmake/Qt6Sql/Qt6QPSQLDriverPluginConfig.cmake",
		"I:/QT-For-C++/Tools/CMake_64/share/cmake-3.24/Modules/CMakeFindDependencyMacro.cmake",
		"I:/QT-For-C++/6.4.2/mingw_64/lib/cmake/Qt6Sql/Qt6QPSQLDriverPluginTargets.cmake",
		"I:/QT-For-C++/6.4.2/mingw_64/lib/cmake/Qt6Sql/Qt6QPSQLDriverPluginTargets-relwithdebinfo.cmake",
		"I:/QT-For-C++/6.4.2/mingw_64/lib/cmake/Qt6Sql/Qt6QPSQLDriverPluginAdditionalTargetInfo.cmake",
		"I:/QT-For-C++/6.4.2/mingw_64/lib/cmake/Qt6Sql/Qt6QSQLiteDriverPluginConfig.cmake",
		"I:/QT-For-C++/Tools/CMake_64/share/cmake-3.24/Modules/CMakeFindDependencyMacro.cmake",
		"I:/QT-For-C++/6.4.2/mingw_64/lib/cmake/Qt6Sql/Qt6QSQLiteDriverPluginTargets.cmake",
		"I:/QT-For-C++/6.4.2/mingw_64/lib/cmake/Qt6Sql/Qt6QSQLiteDriverPluginTargets-relwithdebinfo.cmake",
		"I:/QT-For-C++/6.4.2/mingw_64/lib/cmake/Qt6Sql/Qt6QSQLiteDriverPluginAdditionalTargetInfo.cmake"
	],
	"CMAKE_SOURCE_DIR" : "C:/Users/Noah/Desktop/Wed_29_BookStoreApp/Wed_29_BookStoreApp",
	"DEP_FILE" : "C:/Users/Noah/Desktop/Wed_29_BookStoreApp/build-Wed_29_BookStoreApp-Desktop_Qt_6_4_2_MinGW_64_bit-Debug/BookStoreApp_autogen/deps",
	"DEP_FILE_RULE_NAME" : "BookStoreApp_autogen/timestamp",
	"HEADERS" : 
	[
		[
			"C:/Users/Noah/Desktop/Wed_29_BookStoreApp/Wed_29_BookStoreApp/BookClass.h",
			"MU",
			"EWIEGA46WW/moc_BookClass.cpp",
			null
		],
		[
			"C:/Users/Noah/Desktop/Wed_29_BookStoreApp/Wed_29_BookStoreApp/HandleInventory.h",
			"MU",
			"EWIEGA46WW/moc_HandleInventory.cpp",
			null
		],
		[
			"C:/Users/Noah/Desktop/Wed_29_BookStoreApp/Wed_29_BookStoreApp/List.h",
			"MU",
			"EWIEGA46WW/moc_List.cpp",
			null
		],
		[
			"C:/Users/Noah/Desktop/Wed_29_BookStoreApp/Wed_29_BookStoreApp/Logging.h",
			"MU",
			"EWIEGA46WW/moc_Logging.cpp",
			null
		],
		[
			"C:/Users/Noah/Desktop/Wed_29_BookStoreApp/Wed_29_BookStoreApp/Shopper.h",
			"MU",
			"EWIEGA46WW/moc_Shopper.cpp",
			null
		],
		[
			"C:/Users/Noah/Desktop/Wed_29_BookStoreApp/Wed_29_BookStoreApp/User.h",
			"MU",
			"EWIEGA46WW/moc_User.cpp",
			null
		],
		[
			"C:/Users/Noah/Desktop/Wed_29_BookStoreApp/Wed_29_BookStoreApp/adduser.h",
			"MU",
			"EWIEGA46WW/moc_adduser.cpp",
			null
		],
		[
			"C:/Users/Noah/Desktop/Wed_29_BookStoreApp/Wed_29_BookStoreApp/changeuserpass.h",
			"MU",
			"EWIEGA46WW/moc_changeuserpass.cpp",
			null
		],
		[
			"C:/Users/Noah/Desktop/Wed_29_BookStoreApp/Wed_29_BookStoreApp/dbmanager.h",
			"MU",
			"EWIEGA46WW/moc_dbmanager.cpp",
			null
		],
		[
			"C:/Users/Noah/Desktop/Wed_29_BookStoreApp/Wed_29_BookStoreApp/deleteuser.h",
			"MU",
			"EWIEGA46WW/moc_deleteuser.cpp",
			null
		],
		[
			"C:/Users/Noah/Desktop/Wed_29_BookStoreApp/Wed_29_BookStoreApp/hardwareinfo.h",
			"MU",
			"EWIEGA46WW/moc_hardwareinfo.cpp",
			null
		],
		[
			"C:/Users/Noah/Desktop/Wed_29_BookStoreApp/Wed_29_BookStoreApp/logindialog.h",
			"MU",
			"EWIEGA46WW/moc_logindialog.cpp",
			null
		],
		[
			"C:/Users/Noah/Desktop/Wed_29_BookStoreApp/Wed_29_BookStoreApp/mainwindow.h",
			"MU",
			"EWIEGA46WW/moc_mainwindow.cpp",
			null
		],
		[
			"C:/Users/Noah/Desktop/Wed_29_BookStoreApp/Wed_29_BookStoreApp/notes.h",
			"MU",
			"EWIEGA46WW/moc_notes.cpp",
			null
		],
		[
			"C:/Users/Noah/Desktop/Wed_29_BookStoreApp/Wed_29_BookStoreApp/preferences.h",
			"MU",
			"EWIEGA46WW/moc_preferences.cpp",
			null
		]
	],
	"HEADER_EXTENSIONS" : [ "h", "hh", "h++", "hm", "hpp", "hxx", "in", "txx" ],
	"INCLUDE_DIR" : "C:/Users/Noah/Desktop/Wed_29_BookStoreApp/build-Wed_29_BookStoreApp-Desktop_Qt_6_4_2_MinGW_64_bit-Debug/BookStoreApp_autogen/include",
	"MOC_COMPILATION_FILE" : "C:/Users/Noah/Desktop/Wed_29_BookStoreApp/build-Wed_29_BookStoreApp-Desktop_Qt_6_4_2_MinGW_64_bit-Debug/BookStoreApp_autogen/mocs_compilation.cpp",
	"MOC_DEFINITIONS" : 
	[
		"MINGW_HAS_SECURE_API=1",
		"QT_CORE_LIB",
		"QT_GUI_LIB",
		"QT_NEEDS_QMAIN",
		"QT_SQL_LIB",
		"QT_WIDGETS_LIB",
		"UNICODE",
		"WIN32",
		"WIN64",
		"_ENABLE_EXTENDED_ALIGNED_STORAGE",
		"_UNICODE",
		"_WIN64"
	],
	"MOC_DEPEND_FILTERS" : 
	[
		[
			"Q_PLUGIN_METADATA",
			"[\n][ \t]*Q_PLUGIN_METADATA[ \t]*\\([^\\)]*FILE[ \t]*\"([^\"]+)\""
		]
	],
	"MOC_INCLUDES" : 
	[
		"I:/QT-For-C++/6.4.2/mingw_64/include/QtCore",
		"I:/QT-For-C++/6.4.2/mingw_64/include",
		"I:/QT-For-C++/6.4.2/mingw_64/mkspecs/win32-g++",
		"I:/QT-For-C++/6.4.2/mingw_64/include/QtWidgets",
		"I:/QT-For-C++/6.4.2/mingw_64/include/QtGui",
		"I:/QT-For-C++/6.4.2/mingw_64/include/QtSql",
		"I:/QT-For-C++/Tools/mingw1120_64/lib/gcc/x86_64-w64-mingw32/11.2.0/include/c++",
		"I:/QT-For-C++/Tools/mingw1120_64/lib/gcc/x86_64-w64-mingw32/11.2.0/include/c++/x86_64-w64-mingw32",
		"I:/QT-For-C++/Tools/mingw1120_64/lib/gcc/x86_64-w64-mingw32/11.2.0/include/c++/backward",
		"I:/QT-For-C++/Tools/mingw1120_64/lib/gcc/x86_64-w64-mingw32/11.2.0/include",
		"I:/QT-For-C++/Tools/mingw1120_64/lib/gcc/x86_64-w64-mingw32/11.2.0/include-fixed",
		"I:/QT-For-C++/Tools/mingw1120_64/x86_64-w64-mingw32/include"
	],
	"MOC_MACRO_NAMES" : 
	[
		"Q_OBJECT",
		"Q_GADGET",
		"Q_GADGET_EXPORT",
		"Q_NAMESPACE",
		"Q_NAMESPACE_EXPORT"
	],
	"MOC_OPTIONS" : [],
	"MOC_PATH_PREFIX" : false,
	"MOC_PREDEFS_CMD" : 
	[
		"I:/QT-For-C++/Tools/mingw1120_64/bin/g++.exe",
		"-dM",
		"-E",
		"-c",
		"I:/QT-For-C++/Tools/CMake_64/share/cmake-3.24/Modules/CMakeCXXCompilerABI.cpp"
	],
	"MOC_PREDEFS_FILE" : "C:/Users/Noah/Desktop/Wed_29_BookStoreApp/build-Wed_29_BookStoreApp-Desktop_Qt_6_4_2_MinGW_64_bit-Debug/BookStoreApp_autogen/moc_predefs.h",
	"MOC_RELAXED_MODE" : false,
	"MOC_SKIP" : [],
	"MULTI_CONFIG" : false,
	"PARALLEL" : 10,
	"PARSE_CACHE_FILE" : "C:/Users/Noah/Desktop/Wed_29_BookStoreApp/build-Wed_29_BookStoreApp-Desktop_Qt_6_4_2_MinGW_64_bit-Debug/CMakeFiles/BookStoreApp_autogen.dir/ParseCache.txt",
	"QT_MOC_EXECUTABLE" : "I:/QT-For-C++/6.4.2/mingw_64/./bin/moc.exe",
	"QT_UIC_EXECUTABLE" : "I:/QT-For-C++/6.4.2/mingw_64/./bin/uic.exe",
	"QT_VERSION_MAJOR" : 6,
	"QT_VERSION_MINOR" : 4,
	"SETTINGS_FILE" : "C:/Users/Noah/Desktop/Wed_29_BookStoreApp/build-Wed_29_BookStoreApp-Desktop_Qt_6_4_2_MinGW_64_bit-Debug/CMakeFiles/BookStoreApp_autogen.dir/AutogenUsed.txt",
	"SOURCES" : 
	[
		[
			"C:/Users/Noah/Desktop/Wed_29_BookStoreApp/Wed_29_BookStoreApp/adduser.cpp",
			"MU",
			null
		],
		[
			"C:/Users/Noah/Desktop/Wed_29_BookStoreApp/Wed_29_BookStoreApp/changeuserpass.cpp",
			"MU",
			null
		],
		[
			"C:/Users/Noah/Desktop/Wed_29_BookStoreApp/Wed_29_BookStoreApp/dbmanager.cpp",
			"MU",
			null
		],
		[
			"C:/Users/Noah/Desktop/Wed_29_BookStoreApp/Wed_29_BookStoreApp/deleteuser.cpp",
			"MU",
			null
		],
		[
			"C:/Users/Noah/Desktop/Wed_29_BookStoreApp/Wed_29_BookStoreApp/hardwareinfo.cpp",
			"MU",
			null
		],
		[
			"C:/Users/Noah/Desktop/Wed_29_BookStoreApp/Wed_29_BookStoreApp/logindialog.cpp",
			"MU",
			null
		],
		[
			"C:/Users/Noah/Desktop/Wed_29_BookStoreApp/Wed_29_BookStoreApp/main.cpp",
			"MU",
			null
		],
		[
			"C:/Users/Noah/Desktop/Wed_29_BookStoreApp/Wed_29_BookStoreApp/mainwindow.cpp",
			"MU",
			null
		],
		[
			"C:/Users/Noah/Desktop/Wed_29_BookStoreApp/Wed_29_BookStoreApp/notes.cpp",
			"MU",
			null
		],
		[
			"C:/Users/Noah/Desktop/Wed_29_BookStoreApp/Wed_29_BookStoreApp/preferences.cpp",
			"MU",
			null
		]
	],
	"UIC_OPTIONS" : [],
	"UIC_SEARCH_PATHS" : [],
	"UIC_SKIP" : [],
	"UIC_UI_FILES" : [],
	"VERBOSITY" : 0
}
